,Bengali,Chakma,Garo (Mandi),Hajong,Khasi,Manipuri (Meitei),Marma,Mro,Oraon (Kurukh),Rakhine,Santal,Tripura
Bengali,34,1,0,4,1,2,1,0,2,2,1,2
Chakma,1,13,3,2,2,3,4,6,3,5,0,8
Garo (Mandi),1,2,23,1,3,0,4,5,5,1,0,5
Hajong,8,1,2,14,5,2,4,2,6,1,3,2
Khasi,1,1,2,2,27,1,1,5,3,0,2,5
Manipuri (Meitei),1,4,1,2,3,33,0,0,1,2,1,2
Marma,2,8,2,2,3,2,18,6,1,2,1,3
Mro,2,3,3,5,2,1,4,20,1,2,0,7
Oraon (Kurukh),4,3,2,6,0,0,0,5,22,0,4,3
Rakhine,3,0,1,1,0,2,3,1,1,36,0,2
Santal,2,1,0,2,1,1,0,3,8,1,30,1
Tripura,5,11,2,1,0,4,3,9,2,1,3,9
