feature,rho_cult,p_cult,rho_ctx,p_ctx,rho_narr,p_narr,rho_ling,p_ling
n_tokens,0.3614452071414443,6.334815517910782e-20,0.3596538776822864,9.915528755271055e-20,0.35415555483484085,3.8539918441074544e-19,0.38662245543707724,8.58525490003531e-23
mattr50,0.22800015690930764,1.6709326141694082e-08,0.1560884360109347,0.0001251879651690023,0.19278027638196277,2.004243830364468e-06,0.2664117927895661,3.4303691888266135e-11
rep_4gram,-0.07128267113676827,0.08130220138142705,0.011015175888677382,0.7879022106057033,-0.046800616256509824,0.25276685380685837,-0.12093177324156627,0.0030322847916779178
mean_sent_len,0.12446189845670834,0.0022758686513598787,0.1655533292123772,4.671224649731758e-05,0.13402175648340445,0.0010086383691068545,0.23728812566423377,4.113876175355851e-09
has_bold,-0.25210491865500256,3.884108730966133e-10,-0.20597970456447318,3.669570356021247e-07,-0.24181764049550794,2.0323871751342723e-09,-0.33316093822813836,5.410281950900057e-17
emdash_per1k,0.18873328313787835,3.2974507579618603e-06,0.18877291679879074,3.2815794777311072e-06,0.16535523030050628,4.771312976166472e-05,0.2637075356447469,5.4887047112598764e-11
sadhu_per1k,0.01948352277945102,0.6341469441188431,0.0219277408660911,0.5922257831653158,0.07659431927786658,0.06100723895799988,0.0823471470158401,0.043944892822030734
oral_frame,0.07661395454681222,0.06094080915726932,0.10591830352025877,0.009481655750421971,0.10602097191117571,0.009412139575100118,0.12527060175892588,0.0021288907070087493
moral_coda,-0.1177719204635185,0.003896315407469163,-0.13031167728588133,0.001392085345418084,-0.09413193807940722,0.02121502571926087,-0.036372693681940904,0.3741980752531155
rel_expected,0.09934394505662876,0.015001956385923746,0.09646454877630042,0.01820130788406077,0.0726801186817195,0.07549529942696008,0.07136370335386591,0.08095588540443098
hindu_leak,-0.04397853615820984,0.2825434052927807,-0.036926268440041106,0.3669660258973282,-0.07778016750708647,0.05710118078208285,-0.021446901167393347,0.6003720840356399
rel_offtradition,-0.06226002780906948,0.12799014598972072,-0.04064232363589218,0.320694274597643,-0.10715775600195773,0.008672203539884854,-0.042606297263301146,0.2978470312558373
sci_any,-0.021149896380510944,0.60542899958011,-0.00685845544327634,0.8669699963639633,-0.06986500946009506,0.0875573508918171,-0.09577295767993567,0.019053212653992367
modern,0.03329239077265925,0.41602468864476383,0.01565852327965496,0.702122342202082,-0.019702050411821024,0.6303481666274267,0.04144836702848519,0.31118275385213967
dev_ethics,-0.011044998321912441,0.7873417200260209,-0.10259009931289079,0.011997231637448258,-0.005755244017514271,0.8882147650419879,-0.03594405405270634,0.3798579081307311
prompt_echo,-0.012003970376077325,0.7693786249223217,-0.03981502620027231,0.3306516026581261,-0.018635007817950543,0.6489877227081533,-0.0022532252960724185,0.9561134573497915
hapax_rate,-0.025217543615362575,0.5378978511715844,-0.14904927674923957,0.0002514771342682987,-0.06950170609808418,0.08922118926599505,-0.010201491239060204,0.8032361581263163
n_paras,,,,,,,,
latin_tokens,0.07212583317084026,0.07775681563361408,0.0603373907184039,0.1402164381214344,0.05975785428378377,0.14407228970791836,0.09590089831508761,0.018893042351111434
