culture,n,pct_offtradition,pct_expected,hindu_leak_pct,rating,cult_rating
Oraon (Kurukh),49,53.06,20.41,46.94,2.11,2.42
Santal,50,48.0,60.0,40.0,2.08,2.58
Marma,50,42.0,48.0,36.0,1.98,2.46
Rakhine,50,34.0,40.0,32.0,2.06,2.44
Chakma,50,36.0,28.0,30.0,1.95,2.38
Garo (Mandi),50,36.0,6.0,20.0,2.0,2.37
Mro,50,18.0,14.0,14.0,2.15,2.56
Khasi,50,20.0,6.0,10.0,1.97,2.34
Hajong,50,12.0,42.0,0.0,2.22,2.68
Bengali,50,10.0,52.0,0.0,2.13,2.42
Manipuri (Meitei),50,12.0,64.0,0.0,2.02,2.45
Tripura,50,14.0,48.0,0.0,2.06,2.46
